cloud_cover,altitude,duration,moon_phase,light_pollution,hour,visibility
22,65,9,56,5,10,MEDIUM
68,72,8,74,4,17,MEDIUM
16,51,4,43,4,17,HIGH
14,42,1,86,10,7,LOW
87,13,3,22,7,14,LOW
28,82,7,46,2,8,HIGH
13,83,8,0,1,0,HIGH
47,26,1,37,4,23,MEDIUM
43,81,3,2,2,15,MEDIUM
33,14,1,40,5,6,LOW
86,30,1,93,9,13,LOW
96,46,9,43,10,17,LOW
68,22,6,37,8,9,LOW
76,89,4,8,7,9,LOW
65,47,9,55,9,12,LOW
72,14,6,42,10,21,MEDIUM
45,64,1,22,7,3,MEDIUM
87,36,3,20,3,4,MEDIUM
91,33,7,64,8,2,LOW
10,83,6,47,1,8,HIGH
67,51,6,75,1,10,MEDIUM
74,70,3,99,7,23,MEDIUM
18,57,1,48,5,0,HIGH
53,56,5,43,6,16,LOW
88,83,10,43,5,17,MEDIUM
55,76,4,90,7,14,LOW
87,64,5,48,1,9,MEDIUM
64,22,7,49,2,10,MEDIUM
22,7,6,36,1,10,MEDIUM
65,39,2,28,2,20,MEDIUM
93,44,8,27,3,2,MEDIUM
74,73,9,59,4,20,HIGH
27,59,7,16,2,20,HIGH
62,88,7,40,7,16,MEDIUM
81,70,8,48,8,22,MEDIUM
92,23,9,72,4,17,LOW
53,90,6,94,7,4,MEDIUM
32,40,2,0,10,10,LOW
75,44,9,27,5,9,LOW
67,64,3,58,7,20,MEDIUM
36,68,10,66,5,10,LOW
78,61,8,8,5,2,MEDIUM
85,55,4,85,4,5,MEDIUM
92,32,4,20,8,7,LOW
52,47,1,57,9,17,LOW
95,62,2,92,1,4,MEDIUM
30,29,3,52,7,20,LOW
79,52,4,58,4,2,MEDIUM
47,50,1,69,4,20,MEDIUM
80,85,4,93,7,0,MEDIUM
19,62,8,99,5,15,MEDIUM
23,34,9,78,9,1,MEDIUM
62,25,4,41,7,20,LOW
17,30,8,58,4,2,HIGH
13,39,6,55,5,21,MEDIUM
86,12,4,55,8,1,LOW
84,73,9,53,6,0,MEDIUM
63,18,9,67,1,7,LOW
21,25,10,44,3,3,HIGH
1,59,4,69,8,15,MEDIUM
39,65,3,79,7,0,MEDIUM
61,89,3,29,1,14,MEDIUM
45,38,4,5,8,23,LOW
74,27,9,34,3,17,MEDIUM
84,37,8,73,5,5,LOW
4,70,8,70,9,2,HIGH
28,83,1,49,10,0,HIGH
8,65,2,56,7,17,MEDIUM
36,37,4,15,5,0,LOW
7,24,4,98,3,19,MEDIUM
99,27,6,40,9,12,LOW
100,69,10,97,7,0,MEDIUM
97,8,8,94,2,15,LOW
9,41,4,70,3,0,MEDIUM
25,61,8,28,1,20,HIGH
42,33,4,87,2,9,LOW
81,90,1,18,2,11,MEDIUM
59,23,1,2,10,17,LOW
21,70,3,68,9,19,MEDIUM
39,86,9,3,6,15,MEDIUM
9,61,5,63,2,19,HIGH
21,80,10,17,6,18,HIGH
83,49,9,91,3,9,LOW
0,55,7,67,8,8,MEDIUM
22,6,3,24,9,12,LOW
98,51,3,72,8,17,LOW
2,25,2,57,10,1,MEDIUM
36,48,1,63,10,6,LOW
18,70,10,1,1,17,HIGH
32,64,10,86,8,13,LOW
93,63,6,21,7,12,MEDIUM
54,79,10,40,3,2,HIGH
41,45,7,54,10,9,LOW
25,22,10,61,3,22,HIGH
81,46,8,59,2,7,LOW
21,26,1,82,1,6,MEDIUM
61,27,5,33,1,12,LOW
11,29,8,28,7,19,MEDIUM
79,53,5,77,9,5,MEDIUM
36,67,10,56,2,12,MEDIUM
41,50,6,68,4,20,MEDIUM
55,18,9,38,7,9,LOW
43,90,7,15,4,8,MEDIUM
87,24,5,57,10,23,LOW
72,75,10,54,2,10,MEDIUM
51,90,4,99,6,0,MEDIUM
18,62,8,81,3,23,HIGH
63,89,2,71,7,19,MEDIUM
15,85,3,62,3,11,MEDIUM
14,88,9,30,1,7,HIGH
82,78,2,84,6,13,LOW
32,9,3,73,10,21,LOW
93,39,5,51,7,3,LOW
66,30,2,82,9,3,LOW
88,78,8,47,5,14,MEDIUM
14,43,2,3,5,10,LOW
62,82,7,87,6,1,MEDIUM
63,46,6,85,9,13,LOW
19,29,9,85,3,21,HIGH
64,39,4,45,8,6,LOW
4,81,10,20,8,1,HIGH
16,32,10,37,1,23,HIGH
32,9,4,60,10,10,LOW
78,83,8,94,3,9,MEDIUM
87,8,7,15,3,17,MEDIUM
91,57,6,92,1,2,HIGH
56,51,4,69,1,13,MEDIUM
13,56,7,27,10,17,MEDIUM
84,27,10,11,9,4,MEDIUM
13,25,1,13,10,15,LOW
5,49,8,56,5,0,MEDIUM
5,51,6,52,8,13,MEDIUM
67,26,1,56,4,19,MEDIUM
19,69,5,83,3,12,MEDIUM
79,51,1,82,5,4,MEDIUM
75,65,1,71,2,14,MEDIUM
51,55,5,5,8,9,LOW
50,29,8,1,10,8,LOW
9,20,2,98,6,8,LOW
63,52,1,89,2,11,MEDIUM
63,29,7,56,5,23,LOW
68,47,1,76,7,10,LOW
46,62,7,1,3,8,MEDIUM
89,77,10,50,6,3,MEDIUM
0,21,6,40,7,14,MEDIUM
82,28,3,31,4,4,MEDIUM
47,34,9,60,10,19,LOW
83,43,3,71,8,22,LOW
57,19,4,67,1,5,MEDIUM
12,24,9,34,10,6,MEDIUM
6,84,6,36,4,20,HIGH
46,58,10,5,9,4,MEDIUM
59,55,9,14,3,23,HIGH
47,69,5,18,10,7,LOW
67,80,8,40,1,14,MEDIUM
83,51,7,98,1,13,MEDIUM
9,89,10,10,9,13,MEDIUM
16,53,10,80,6,9,MEDIUM
33,59,6,12,2,11,MEDIUM
89,77,7,17,4,0,HIGH
22,17,2,63,9,16,LOW
13,25,8,80,5,6,MEDIUM
15,54,7,61,6,17,MEDIUM
94,42,5,26,9,19,LOW
16,26,2,19,9,22,MEDIUM
83,88,1,16,1,8,MEDIUM
98,53,1,89,10,4,MEDIUM
81,14,1,11,1,16,LOW
14,41,2,54,1,0,MEDIUM
74,9,4,8,7,14,LOW
25,13,8,48,9,4,MEDIUM
81,62,4,29,5,7,LOW
49,49,8,96,6,16,LOW
68,13,7,66,5,23,LOW
31,67,2,20,8,15,LOW
26,83,9,3,3,5,HIGH
16,55,6,73,1,19,HIGH
45,40,2,45,9,13,LOW
7,8,7,27,8,23,MEDIUM
76,68,10,23,6,23,MEDIUM
89,51,1,47,6,13,LOW
17,87,3,18,1,20,HIGH
99,43,8,70,4,6,MEDIUM
13,88,4,44,5,20,HIGH
100,21,9,30,6,2,MEDIUM
86,79,4,31,9,11,LOW
98,57,2,81,4,16,MEDIUM
45,75,1,84,5,6,MEDIUM
14,24,4,58,3,17,MEDIUM
23,87,8,85,3,20,HIGH
70,74,2,28,4,18,HIGH
77,87,10,10,10,22,MEDIUM
92,34,8,80,6,5,LOW
71,48,6,27,5,16,LOW
39,69,4,34,8,23,MEDIUM
6,86,7,18,6,3,HIGH
1,70,10,94,4,11,HIGH
74,9,7,40,4,5,MEDIUM
79,79,1,53,6,20,MEDIUM
99,8,10,35,7,17,LOW
65,20,1,72,7,14,LOW
71,56,6,46,9,16,MEDIUM
95,82,1,14,10,17,LOW
9,75,1,54,3,19,HIGH
97,13,5,92,10,18,LOW
98,41,7,78,7,6,LOW
11,61,10,93,1,11,HIGH
4,74,6,75,2,3,HIGH
40,68,9,100,1,8,MEDIUM
15,78,4,45,2,15,HIGH
62,85,7,8,1,13,MEDIUM
27,13,2,45,7,3,MEDIUM
68,72,3,47,5,20,MEDIUM
49,14,1,61,8,22,LOW
8,62,5,58,4,3,HIGH
87,72,10,84,9,8,LOW
11,46,7,69,8,10,LOW
52,49,8,69,3,20,MEDIUM
21,46,10,93,3,18,HIGH
17,81,4,17,10,23,HIGH
62,39,10,47,6,14,LOW
94,15,9,0,8,0,MEDIUM
1,5,10,49,5,5,MEDIUM
5,69,2,53,4,16,MEDIUM
50,70,5,92,7,13,LOW
41,70,8,37,2,23,HIGH
68,74,9,60,4,14,MEDIUM
83,55,1,78,7,16,LOW
21,80,4,66,3,0,HIGH
16,51,7,51,3,5,HIGH
27,8,9,74,4,14,MEDIUM
68,11,7,100,5,11,LOW
7,28,6,87,1,12,MEDIUM
25,56,4,3,2,4,HIGH
36,35,4,92,2,12,LOW
84,49,3,11,5,23,LOW
4,89,7,3,2,10,HIGH
74,52,3,87,3,15,MEDIUM
50,84,6,55,3,2,HIGH
27,7,4,80,9,8,LOW
36,76,8,89,10,21,MEDIUM
4,34,10,22,8,10,MEDIUM
11,40,8,13,8,13,MEDIUM
15,47,6,100,8,16,LOW
69,60,10,31,9,1,MEDIUM
47,58,1,26,7,11,LOW
88,76,1,92,6,17,LOW
4,30,10,15,7,14,MEDIUM
1,15,6,69,5,13,LOW
27,26,1,87,10,22,MEDIUM
79,33,10,33,7,5,MEDIUM
65,63,8,82,4,5,HIGH
66,13,8,14,4,18,MEDIUM
24,76,7,42,8,22,HIGH
97,42,9,34,9,14,LOW
40,61,4,59,3,7,MEDIUM
25,48,1,2,7,0,MEDIUM
50,23,6,91,1,20,MEDIUM
37,81,8,38,4,14,MEDIUM
54,27,10,27,9,14,LOW
82,20,4,3,2,3,MEDIUM
21,32,7,94,2,9,MEDIUM
70,61,3,63,6,9,LOW
37,60,4,42,2,23,HIGH
94,8,8,59,5,0,LOW
63,51,4,79,5,3,MEDIUM
37,59,10,30,3,20,HIGH
73,65,4,59,9,17,LOW
87,32,4,58,3,23,MEDIUM
34,22,8,94,5,16,LOW
39,90,2,64,3,8,MEDIUM
68,20,4,60,3,8,LOW
56,82,3,36,3,12,MEDIUM
7,35,3,96,7,6,MEDIUM
6,77,3,85,1,21,HIGH
33,5,1,4,5,9,LOW
93,64,3,38,8,17,LOW
36,52,9,75,8,13,LOW
25,64,3,63,5,9,MEDIUM
79,39,5,55,5,10,LOW
25,68,7,86,1,7,HIGH
54,33,9,27,7,9,LOW
21,21,7,9,1,19,HIGH
45,43,2,69,4,2,MEDIUM
99,90,10,58,10,11,LOW
37,58,5,64,8,3,MEDIUM
42,37,1,52,9,13,LOW
4,42,5,79,4,1,MEDIUM
38,60,1,17,9,13,LOW
65,88,3,59,7,3,MEDIUM
22,71,4,30,4,0,HIGH
5,65,8,45,3,1,HIGH
99,35,5,0,7,14,LOW
64,26,9,100,10,17,LOW
76,78,8,7,8,0,MEDIUM
62,9,4,76,1,14,LOW
95,13,2,34,10,23,LOW
81,18,6,12,5,16,LOW
67,84,5,88,3,13,MEDIUM
84,16,8,47,8,10,LOW
23,33,3,34,7,14,LOW
16,78,3,82,6,10,MEDIUM
98,6,1,24,8,13,LOW
63,78,3,68,10,19,MEDIUM
73,87,3,22,6,18,MEDIUM
90,75,8,99,4,19,HIGH
26,84,6,36,6,6,HIGH
67,46,6,31,10,20,MEDIUM
47,6,9,11,9,3,MEDIUM
45,68,6,45,6,6,MEDIUM
51,60,5,11,7,17,LOW
73,76,9,7,9,15,MEDIUM
15,60,2,90,7,7,MEDIUM
83,28,9,57,6,14,LOW
11,14,6,11,6,13,MEDIUM
6,30,5,56,3,11,MEDIUM
96,47,3,67,2,12,LOW
75,88,10,61,4,5,HIGH
28,52,7,41,10,15,MEDIUM
90,30,8,48,5,22,MEDIUM
1,65,3,100,7,0,MEDIUM
96,28,3,4,5,9,LOW
57,84,1,11,3,1,HIGH
81,86,7,39,3,15,MEDIUM
42,70,9,79,1,21,HIGH
20,71,7,34,9,8,MEDIUM
96,74,7,94,6,20,MEDIUM
1,14,4,67,10,17,LOW
41,84,6,15,8,15,MEDIUM
75,48,3,73,9,19,LOW
13,16,5,6,3,11,MEDIUM
61,81,4,71,4,4,MEDIUM
79,89,6,99,10,5,MEDIUM
13,12,4,45,10,6,MEDIUM
78,42,6,5,8,9,LOW
65,12,5,17,4,22,MEDIUM
31,88,6,0,5,6,MEDIUM
12,77,9,95,2,9,HIGH
93,11,9,94,7,9,LOW
35,47,7,4,5,9,LOW
38,79,6,1,8,6,MEDIUM
50,9,7,46,8,0,MEDIUM
62,65,9,63,10,21,MEDIUM
50,83,6,37,2,13,MEDIUM
22,52,10,31,6,12,MEDIUM
38,35,9,36,8,23,MEDIUM
18,24,9,14,7,23,MEDIUM
13,56,4,89,9,0,MEDIUM
47,34,3,85,8,17,LOW
73,29,3,64,4,0,MEDIUM
100,26,8,42,3,7,MEDIUM
25,23,8,40,5,12,MEDIUM
70,41,10,22,10,8,LOW
88,64,10,17,3,16,MEDIUM
26,17,10,37,2,18,HIGH
8,86,10,82,9,14,MEDIUM
12,64,7,76,2,20,HIGH
57,11,3,41,5,8,LOW
96,29,3,71,7,0,LOW
66,61,2,14,2,1,HIGH
17,85,5,85,6,23,MEDIUM
11,67,9,99,7,23,HIGH
44,65,10,87,4,16,MEDIUM
7,86,8,99,2,20,HIGH
89,28,3,64,4,3,MEDIUM
72,58,3,96,10,6,MEDIUM
93,42,10,61,1,8,LOW
31,83,3,6,9,11,LOW
94,83,7,52,9,10,LOW
29,72,5,85,9,7,MEDIUM
14,29,5,11,6,3,MEDIUM
75,35,8,26,1,6,MEDIUM
88,14,1,78,6,8,LOW
83,27,1,6,8,22,LOW
83,10,2,0,8,1,LOW
16,18,10,19,7,6,MEDIUM
18,84,3,10,6,10,MEDIUM
24,5,5,60,2,20,MEDIUM
56,77,2,65,9,11,LOW
36,35,10,96,2,0,MEDIUM
49,67,10,22,7,11,MEDIUM
27,48,7,82,6,10,LOW
53,44,6,13,5,8,LOW
27,35,2,51,2,22,MEDIUM
96,16,5,39,7,7,LOW
76,13,10,71,6,7,LOW
65,10,10,24,3,12,MEDIUM
82,88,2,27,7,15,LOW
41,47,5,96,3,7,LOW
86,39,10,1,7,8,LOW
62,50,8,76,4,22,MEDIUM
82,49,3,73,8,6,LOW
6,68,8,49,5,11,MEDIUM
93,67,6,84,5,19,MEDIUM
76,71,1,49,5,5,MEDIUM
75,11,4,44,7,23,LOW
60,13,4,86,3,12,LOW
24,19,1,9,9,1,MEDIUM
33,25,7,56,6,11,LOW
63,48,9,11,5,2,MEDIUM
9,90,2,10,8,13,MEDIUM
76,51,3,93,9,19,MEDIUM
51,73,10,87,3,18,HIGH
51,8,5,47,9,10,LOW
64,90,6,5,1,12,MEDIUM
93,28,5,8,6,12,LOW
55,66,10,1,8,2,MEDIUM
63,34,8,68,3,18,MEDIUM
46,18,7,18,4,14,MEDIUM
0,71,10,16,8,15,MEDIUM
95,43,5,33,6,22,LOW
64,44,9,60,5,4,LOW
86,71,7,81,5,1,MEDIUM
35,77,5,90,6,15,LOW
90,58,2,66,2,15,MEDIUM
48,30,5,86,1,17,LOW
10,16,1,91,6,23,MEDIUM
96,69,5,79,8,17,LOW
8,49,10,93,8,3,MEDIUM
60,21,7,75,8,4,LOW
1,44,4,89,3,14,MEDIUM
57,52,2,5,10,22,MEDIUM
57,63,1,44,4,14,MEDIUM
77,9,9,12,5,0,MEDIUM
45,17,9,15,1,19,MEDIUM
76,69,6,69,9,11,LOW
56,53,9,11,7,23,MEDIUM
27,59,4,28,1,16,HIGH
92,75,5,16,7,4,MEDIUM
72,24,6,42,1,18,MEDIUM
27,38,5,70,4,0,MEDIUM
11,69,2,16,4,1,HIGH
12,8,1,99,10,6,MEDIUM
82,32,10,81,2,12,LOW
88,15,7,42,6,19,MEDIUM
11,46,2,32,4,15,MEDIUM
25,60,10,79,8,10,MEDIUM
39,39,2,66,1,19,MEDIUM
99,54,4,20,8,4,MEDIUM
72,53,2,87,2,1,MEDIUM
100,23,5,48,1,21,MEDIUM
78,34,1,74,5,12,LOW
27,83,6,39,8,9,MEDIUM
54,16,8,7,1,23,MEDIUM
58,28,1,62,8,1,LOW
45,90,1,89,5,19,MEDIUM
100,70,7,75,8,16,LOW
36,76,2,34,9,7,LOW
13,13,5,31,9,15,LOW
33,15,5,1,9,16,LOW
96,53,7,84,3,23,HIGH
67,14,3,52,4,16,LOW
77,62,5,43,10,20,MEDIUM
84,11,8,49,4,14,MEDIUM
29,39,3,2,7,1,MEDIUM
18,34,10,26,2,0,HIGH
47,26,1,6,2,14,LOW
6,62,4,92,6,0,MEDIUM
39,78,4,44,1,16,MEDIUM
17,39,9,29,8,0,MEDIUM
35,8,8,58,3,12,LOW
22,34,6,51,9,2,MEDIUM
97,60,6,45,5,11,MEDIUM
38,88,2,94,5,20,MEDIUM
79,85,2,4,5,21,MEDIUM
1,65,9,14,1,18,HIGH
97,47,1,3,10,19,LOW
0,79,7,13,10,21,HIGH
37,65,8,19,5,21,MEDIUM
31,63,5,34,9,16,LOW
56,56,8,95,10,7,LOW
85,18,5,64,10,15,LOW
89,74,6,79,5,8,LOW
93,56,3,54,6,13,LOW
53,69,4,82,10,1,MEDIUM
1,27,8,42,9,17,MEDIUM
38,65,1,82,9,16,LOW
66,24,1,60,9,10,LOW
10,44,7,76,8,12,LOW
54,68,3,46,10,4,MEDIUM
91,50,3,67,6,13,LOW
46,48,7,68,7,5,LOW
60,82,1,94,4,1,MEDIUM
21,72,5,18,4,8,HIGH
19,65,1,8,6,5,HIGH
69,82,2,81,3,18,MEDIUM
80,39,10,49,4,15,MEDIUM
56,48,5,61,5,1,LOW
15,78,9,6,10,1,HIGH
64,73,6,89,7,14,LOW
53,57,2,66,6,23,MEDIUM
48,34,5,33,8,12,LOW
59,42,7,52,7,0,LOW
72,17,9,40,2,16,MEDIUM
71,65,7,42,5,22,MEDIUM
59,37,2,42,10,3,LOW
21,88,8,93,1,9,HIGH
27,6,5,76,10,5,MEDIUM
43,76,2,96,7,10,LOW
79,48,1,47,6,3,LOW
63,60,10,79,3,22,HIGH
23,16,5,94,7,0,MEDIUM
24,85,2,71,8,6,MEDIUM
8,86,2,78,10,0,MEDIUM
26,42,7,35,1,7,MEDIUM
11,40,10,2,10,12,MEDIUM
65,65,10,16,3,2,HIGH
36,10,1,66,6,15,LOW
91,51,4,4,9,5,MEDIUM
42,65,3,3,2,15,MEDIUM
18,27,10,60,10,7,LOW
69,44,9,4,4,2,MEDIUM
88,27,6,69,5,23,LOW
24,45,5,47,7,20,MEDIUM
31,80,5,38,1,16,MEDIUM
56,17,3,20,10,23,LOW
7,87,10,55,8,23,HIGH
77,47,6,31,1,16,MEDIUM
12,73,7,79,6,10,MEDIUM
85,27,9,22,9,2,MEDIUM
48,32,10,95,3,7,LOW
10,45,5,58,6,8,LOW
75,58,2,46,1,20,HIGH
5,10,7,73,3,5,HIGH
76,83,1,44,5,20,MEDIUM
48,57,10,73,7,12,LOW
43,53,4,45,7,12,LOW
42,28,10,17,6,6,MEDIUM
74,88,6,43,9,12,MEDIUM
59,22,8,90,5,10,LOW
2,83,6,4,5,1,HIGH
40,60,1,85,6,5,MEDIUM
21,20,2,96,7,10,LOW
87,46,5,26,3,2,MEDIUM
51,50,6,2,6,11,LOW
8,63,7,0,1,12,HIGH
89,56,9,72,10,22,MEDIUM
61,14,4,70,2,4,MEDIUM
35,46,6,50,4,20,MEDIUM
25,10,9,49,10,17,MEDIUM
78,63,10,93,2,3,HIGH
90,74,8,16,7,20,MEDIUM
76,11,3,30,5,0,LOW
71,38,4,38,4,2,MEDIUM
24,67,8,70,5,5,HIGH
94,50,3,65,4,13,LOW
44,63,9,83,3,8,MEDIUM
15,67,10,25,3,5,HIGH
94,56,8,73,9,15,LOW
100,28,9,39,9,2,MEDIUM
32,40,1,77,8,21,LOW
83,75,6,75,3,12,MEDIUM
20,79,7,1,2,7,HIGH
93,24,2,78,5,1,LOW
59,85,3,98,3,17,MEDIUM
63,42,8,32,9,18,MEDIUM
97,86,2,31,7,12,LOW
3,35,10,84,8,14,LOW
31,62,1,72,6,10,LOW
28,90,2,98,10,3,MEDIUM
20,84,5,44,10,21,HIGH
85,19,7,20,2,7,MEDIUM
12,88,3,55,8,12,MEDIUM
1,77,5,7,1,2,HIGH
60,75,5,15,8,19,MEDIUM
87,38,1,21,3,8,LOW
70,9,1,25,3,18,MEDIUM
66,36,5,20,10,10,LOW
32,45,3,62,2,17,LOW
61,26,8,74,3,18,MEDIUM
62,39,3,73,2,11,LOW
91,37,7,87,6,13,LOW
71,58,7,13,1,8,MEDIUM
69,80,2,36,9,17,LOW
5,40,3,31,3,1,HIGH
11,65,3,63,3,6,HIGH
73,89,3,71,8,0,MEDIUM
68,69,2,46,1,17,MEDIUM
52,54,6,9,7,15,MEDIUM
8,25,7,86,5,6,MEDIUM
64,13,9,12,5,2,MEDIUM
75,45,9,20,7,21,MEDIUM
60,41,7,6,10,21,MEDIUM
78,29,2,3,9,20,LOW
5,44,3,74,6,9,LOW
47,73,3,100,6,14,LOW
26,18,7,57,7,23,MEDIUM
31,22,2,53,10,3,LOW
46,74,1,78,4,1,MEDIUM
12,84,3,32,9,4,HIGH
48,12,2,26,6,15,LOW
81,30,8,54,7,6,LOW
80,74,1,21,3,17,MEDIUM
65,60,8,12,5,11,MEDIUM
68,15,7,36,2,17,MEDIUM
46,58,2,60,5,22,MEDIUM
70,33,7,88,9,11,LOW
14,46,10,77,5,10,LOW
45,31,6,58,10,12,LOW
95,5,9,37,7,0,MEDIUM
50,40,8,82,8,18,LOW
79,75,3,53,7,8,LOW
20,7,6,92,7,20,MEDIUM
15,76,7,21,6,0,HIGH
50,32,7,81,9,6,LOW
24,81,9,25,5,10,MEDIUM
59,39,5,98,4,6,MEDIUM
58,48,4,97,9,18,LOW
30,87,1,70,9,23,MEDIUM
54,62,3,76,4,22,MEDIUM
47,70,2,33,5,23,MEDIUM
11,29,8,53,5,22,MEDIUM
55,43,2,42,8,19,LOW
42,80,8,56,9,12,LOW
3,62,4,57,1,21,HIGH
29,11,10,47,3,18,HIGH
34,68,5,59,9,23,MEDIUM
3,73,6,87,6,23,HIGH
95,73,5,16,6,4,MEDIUM
31,29,8,47,6,5,MEDIUM
61,65,4,77,5,14,LOW
7,73,7,39,1,5,HIGH
43,26,7,16,6,0,MEDIUM
15,6,4,91,9,21,MEDIUM
68,75,9,74,7,15,LOW
45,27,10,52,7,21,LOW
22,9,5,99,9,16,LOW
92,11,1,62,4,1,MEDIUM
91,45,4,86,6,15,LOW
26,14,4,55,1,1,MEDIUM
16,38,6,74,2,4,HIGH
31,89,4,98,4,18,MEDIUM
29,80,7,14,3,10,HIGH
28,80,8,20,10,16,MEDIUM
29,67,3,98,9,15,MEDIUM
31,54,4,75,5,12,LOW
76,76,7,77,10,7,LOW
17,64,1,25,9,10,MEDIUM
29,16,3,38,3,5,HIGH
21,26,8,18,2,10,MEDIUM
92,39,5,85,5,22,LOW
54,70,10,18,10,23,MEDIUM
69,19,9,99,5,5,LOW
87,27,2,21,5,18,LOW
27,45,9,9,7,7,MEDIUM
56,29,10,22,10,9,LOW
70,63,8,48,3,4,HIGH
28,42,7,67,5,11,LOW
69,69,10,73,8,2,MEDIUM
34,90,10,51,3,15,MEDIUM
99,60,2,39,1,7,MEDIUM
65,34,4,58,2,11,LOW
57,10,9,41,5,7,LOW
65,75,10,40,1,11,MEDIUM
73,22,5,100,4,13,LOW
9,21,6,25,3,5,HIGH
44,76,3,31,8,18,MEDIUM
25,21,1,79,4,1,MEDIUM
64,49,5,5,2,15,LOW
26,38,2,2,10,18,MEDIUM
43,30,8,87,9,19,LOW
47,58,10,85,2,2,HIGH
54,11,8,79,3,2,MEDIUM
68,43,10,56,6,7,LOW
45,62,1,67,9,0,MEDIUM
62,85,8,38,4,17,MEDIUM
3,53,9,89,1,20,HIGH
80,16,2,52,2,16,LOW
75,82,8,8,2,10,MEDIUM
54,85,5,37,7,7,LOW
92,36,9,68,10,18,LOW
81,21,8,70,5,0,LOW
75,82,9,34,4,14,MEDIUM
42,81,4,72,4,18,MEDIUM
83,48,9,44,9,2,MEDIUM
44,79,5,22,4,6,HIGH
41,67,4,28,3,5,HIGH
66,77,8,13,5,13,MEDIUM
73,85,10,77,4,19,HIGH
10,72,7,50,1,15,HIGH
95,67,1,1,9,20,MEDIUM
5,71,5,30,1,8,HIGH
68,50,8,41,3,22,MEDIUM
1,76,5,85,2,22,HIGH
24,72,4,64,10,2,MEDIUM
13,86,2,25,8,21,HIGH
46,53,9,73,6,18,MEDIUM
91,6,4,63,8,8,LOW
84,75,3,95,7,4,MEDIUM
10,78,10,32,1,20,HIGH
43,68,6,64,8,7,LOW
35,21,8,97,9,4,LOW
88,65,9,73,6,4,MEDIUM
75,24,10,75,2,9,LOW
94,50,10,74,6,0,LOW
7,70,3,84,7,6,MEDIUM
48,83,5,6,2,21,HIGH
13,36,7,100,8,2,MEDIUM
82,47,10,28,8,15,LOW
60,76,7,28,7,21,MEDIUM
54,44,8,50,8,12,LOW
20,75,4,27,9,1,HIGH
100,38,4,81,5,18,LOW
26,16,1,87,2,5,MEDIUM
32,74,7,44,2,21,HIGH
36,73,5,28,6,6,MEDIUM
75,5,6,77,7,18,LOW
63,28,9,54,7,20,LOW
48,36,7,89,3,23,MEDIUM
16,23,10,79,8,11,LOW
83,31,1,4,8,8,LOW
15,25,8,89,8,9,LOW
14,89,10,5,6,4,HIGH
14,46,7,63,7,1,MEDIUM
68,85,7,12,6,9,MEDIUM
2,80,7,81,5,7,MEDIUM
32,13,1,22,6,4,LOW
49,88,5,1,7,16,LOW
2,61,6,76,6,7,MEDIUM
12,9,10,32,1,2,HIGH
53,87,9,16,7,7,MEDIUM
91,47,4,78,9,4,LOW
91,82,10,59,7,22,MEDIUM
23,43,8,46,9,9,MEDIUM
59,35,5,24,6,16,LOW
29,59,1,84,9,18,MEDIUM
67,9,6,82,4,12,LOW
27,51,7,51,5,17,MEDIUM
68,88,3,85,2,19,MEDIUM
56,20,10,84,9,19,LOW
24,32,8,68,3,15,MEDIUM
11,14,7,67,4,17,MEDIUM
60,67,7,19,7,8,MEDIUM
61,45,8,81,6,7,LOW
74,85,4,94,10,8,LOW
68,7,5,100,8,11,LOW
28,67,1,42,6,23,HIGH
57,46,10,44,4,18,MEDIUM
38,73,10,10,6,22,MEDIUM
61,7,6,31,6,4,MEDIUM
63,89,3,89,9,13,LOW
14,25,3,48,6,2,MEDIUM
26,22,3,10,4,1,HIGH
84,69,9,16,6,3,MEDIUM
43,70,7,34,6,23,MEDIUM
7,63,1,84,5,17,MEDIUM
15,71,1,78,7,9,MEDIUM
32,17,10,86,4,14,LOW
89,34,2,65,10,20,LOW
24,59,8,58,4,4,HIGH
19,80,9,61,3,13,HIGH
0,56,10,56,10,8,MEDIUM
71,59,6,21,9,12,MEDIUM
42,34,4,46,6,0,LOW
64,47,7,6,10,0,MEDIUM
61,73,2,71,5,15,LOW
43,13,9,70,3,0,MEDIUM
13,10,8,2,1,16,MEDIUM
74,84,4,98,6,10,LOW
45,48,4,30,10,23,LOW
100,23,7,15,10,17,LOW
30,42,8,45,6,9,LOW
85,70,4,91,1,15,MEDIUM
3,79,4,11,5,7,MEDIUM
7,26,2,30,4,19,HIGH
51,38,6,57,7,10,LOW
0,61,9,49,3,17,HIGH
25,36,8,100,4,0,HIGH
45,17,8,98,4,1,MEDIUM
0,54,1,34,8,12,MEDIUM
67,75,4,1,1,11,MEDIUM
50,45,5,83,4,19,MEDIUM
52,47,7,91,5,15,LOW
40,43,3,46,4,8,LOW
39,17,3,8,7,9,LOW
42,75,6,58,9,12,LOW
18,32,3,87,9,2,MEDIUM
5,66,1,54,1,6,HIGH
82,88,2,41,1,2,HIGH
70,31,1,82,8,2,LOW
23,83,10,15,6,21,HIGH
73,83,1,32,6,5,MEDIUM
27,63,8,15,7,8,MEDIUM
83,69,4,40,9,10,LOW
28,79,2,100,2,18,HIGH
21,60,10,55,10,14,MEDIUM
68,77,8,64,4,8,MEDIUM
31,28,7,3,5,1,MEDIUM
12,9,3,30,2,4,HIGH
83,72,4,55,3,4,MEDIUM
10,34,3,12,2,22,HIGH
15,61,8,11,3,23,HIGH
9,66,7,99,10,15,MEDIUM
93,74,7,86,4,19,HIGH
80,57,6,30,1,1,HIGH
89,21,2,96,2,11,LOW
39,49,8,64,6,15,LOW
53,20,9,42,1,5,MEDIUM
91,64,9,99,10,16,LOW
46,66,5,42,5,16,LOW
68,81,6,26,6,23,MEDIUM
91,36,4,76,3,15,LOW
17,74,5,18,2,8,HIGH
100,64,1,64,6,9,LOW
61,75,2,86,8,15,LOW
41,53,6,67,8,23,MEDIUM
99,20,3,76,10,2,LOW
11,46,4,52,8,11,LOW
44,65,7,36,10,4,MEDIUM
31,19,10,51,9,13,LOW
41,32,5,83,3,21,MEDIUM
90,78,8,74,9,3,MEDIUM
25,79,10,10,4,12,HIGH
46,63,5,97,9,10,LOW
78,17,1,42,4,8,LOW
100,48,10,3,9,11,LOW
8,48,1,25,4,15,MEDIUM
54,81,5,79,4,13,MEDIUM
21,5,10,77,1,21,HIGH
19,62,1,67,4,11,MEDIUM
73,59,2,99,9,1,MEDIUM
86,27,5,90,6,3,LOW
42,83,8,42,4,12,MEDIUM
3,66,8,13,7,15,MEDIUM
57,25,6,75,9,16,LOW
96,10,2,28,7,15,LOW
48,6,2,98,9,20,LOW
79,37,5,94,6,2,LOW
82,67,5,94,7,3,MEDIUM
12,70,9,24,7,1,HIGH
21,90,1,87,3,20,HIGH
99,16,7,14,9,3,MEDIUM
63,38,6,83,10,23,LOW
76,42,6,13,10,13,LOW
56,60,9,40,3,17,MEDIUM
64,22,6,40,8,19,MEDIUM
80,61,10,94,6,17,LOW
36,28,2,16,4,3,MEDIUM
80,26,2,27,3,8,LOW
36,74,5,17,9,8,LOW
87,85,1,89,2,9,MEDIUM
75,68,5,65,9,14,LOW
83,41,3,14,3,4,MEDIUM
67,21,10,88,7,3,LOW
9,57,7,66,2,17,HIGH
32,58,3,37,7,6,MEDIUM
58,64,3,19,3,12,MEDIUM
75,75,6,84,2,0,HIGH
90,80,4,78,4,16,MEDIUM
49,53,4,18,8,10,LOW
44,33,2,67,8,13,LOW
27,75,9,53,10,17,MEDIUM
45,73,2,41,10,15,LOW
20,41,8,69,2,10,MEDIUM
31,44,3,33,6,13,LOW
88,7,3,1,7,0,LOW
90,50,7,30,8,13,LOW
6,53,2,30,5,15,MEDIUM
100,83,5,53,8,7,LOW
3,30,7,98,4,12,MEDIUM
60,37,2,22,4,21,MEDIUM
56,23,4,58,1,9,LOW
10,63,7,97,1,22,HIGH
18,31,5,89,6,5,MEDIUM
100,75,3,69,5,17,LOW
48,83,3,48,5,0,MEDIUM
20,73,8,32,9,12,MEDIUM
95,87,5,51,2,11,MEDIUM
38,11,9,52,5,2,LOW
41,36,6,98,9,10,LOW
93,41,10,5,2,20,MEDIUM
24,20,8,73,9,20,MEDIUM
1,48,9,51,5,22,MEDIUM
74,13,5,92,1,16,LOW
52,88,6,12,3,3,HIGH
47,18,1,41,5,4,LOW
48,11,9,46,2,5,MEDIUM
14,82,2,42,9,13,MEDIUM
65,20,6,27,7,13,LOW
75,81,4,3,4,16,MEDIUM
72,66,5,96,2,7,MEDIUM
31,61,7,75,2,20,HIGH
64,25,5,3,8,5,LOW
72,45,9,57,2,12,LOW
81,55,8,21,6,16,MEDIUM
32,7,6,48,9,4,MEDIUM
35,51,4,59,1,4,MEDIUM
14,22,1,79,10,17,LOW
91,79,6,69,5,12,LOW
4,34,5,0,9,10,LOW
53,56,1,65,4,1,MEDIUM
69,70,5,90,3,3,MEDIUM
96,27,2,84,8,18,LOW
8,80,1,49,9,21,HIGH
52,54,6,46,6,3,MEDIUM
66,53,9,87,10,6,MEDIUM
92,35,10,36,1,10,MEDIUM
29,17,8,33,5,16,MEDIUM
20,72,10,38,8,20,HIGH
43,48,9,40,3,14,MEDIUM
28,39,8,57,3,15,MEDIUM
2,20,3,25,10,13,LOW
13,13,6,34,9,11,MEDIUM
13,18,3,5,6,5,MEDIUM
43,62,8,23,9,20,MEDIUM
99,6,1,43,10,15,LOW
15,46,3,43,5,14,LOW
44,54,9,73,3,22,HIGH
1,12,10,64,4,7,MEDIUM
12,34,7,31,10,12,MEDIUM
75,11,3,3,7,8,LOW
42,6,10,0,1,18,MEDIUM
4,18,2,0,6,8,LOW
77,68,10,81,8,14,LOW
24,88,1,97,10,10,MEDIUM
87,29,9,98,5,3,LOW
66,90,6,47,7,0,MEDIUM
2,50,4,67,1,22,MEDIUM
90,36,8,25,6,8,LOW
85,27,6,66,7,14,LOW
96,77,8,21,8,11,MEDIUM
38,48,5,84,5,16,LOW
98,43,2,25,1,0,MEDIUM
80,47,1,19,7,18,LOW
26,72,1,79,9,11,MEDIUM
92,32,3,73,1,1,MEDIUM
85,73,10,36,7,9,MEDIUM
40,56,1,64,10,8,LOW
53,87,7,80,4,8,MEDIUM
42,62,2,78,2,13,MEDIUM
56,79,9,64,8,17,LOW
27,30,10,71,4,10,MEDIUM
55,90,6,93,4,17,MEDIUM
49,51,6,31,3,6,HIGH
1,83,2,72,6,20,MEDIUM
48,51,6,17,10,18,MEDIUM
98,71,8,99,10,6,MEDIUM
33,63,6,78,2,4,HIGH
87,88,7,14,4,5,HIGH
92,58,5,72,8,20,MEDIUM
5,55,8,25,4,12,HIGH
61,63,6,99,1,7,MEDIUM
61,30,6,7,1,0,MEDIUM
34,15,5,41,9,10,LOW
35,71,9,72,8,17,LOW
96,44,8,54,7,2,LOW
54,21,2,58,7,19,LOW
2,76,4,9,2,9,HIGH
81,42,7,85,6,22,LOW
6,26,5,85,4,0,MEDIUM
4,31,4,100,10,23,MEDIUM
9,38,3,44,5,7,LOW
25,39,7,66,7,22,MEDIUM
92,42,9,78,8,2,LOW
21,71,1,28,9,19,HIGH
56,56,4,52,10,9,LOW
71,36,6,72,3,10,LOW
70,66,8,18,3,2,HIGH
18,43,2,93,8,16,LOW
26,80,5,61,3,4,HIGH
10,49,2,92,2,5,MEDIUM
69,21,5,29,2,14,LOW
5,88,9,60,6,3,HIGH
21,46,7,59,8,21,MEDIUM
63,83,9,45,2,19,HIGH
59,43,9,56,3,21,MEDIUM
51,51,3,83,9,19,MEDIUM
5,83,4,47,1,20,HIGH
24,47,6,58,3,12,MEDIUM
48,49,1,3,7,13,LOW
36,42,5,12,4,6,MEDIUM
76,74,3,28,1,3,HIGH
28,28,10,19,5,6,MEDIUM
40,79,4,40,5,2,MEDIUM
80,41,3,75,10,15,LOW
13,87,4,22,3,14,HIGH
25,76,1,49,1,14,HIGH
59,45,7,45,5,1,MEDIUM
45,11,9,83,2,17,LOW
27,8,2,36,8,5,MEDIUM
46,22,7,21,6,12,LOW
76,44,7,25,8,12,LOW
35,29,1,80,6,7,LOW
22,61,4,77,4,18,HIGH
24,21,9,64,3,22,HIGH
35,17,7,46,5,23,MEDIUM
69,62,5,88,1,17,MEDIUM
19,85,5,88,2,14,MEDIUM
80,16,1,70,6,11,LOW
23,12,1,21,2,3,HIGH
13,84,9,41,10,23,HIGH
86,57,1,84,4,2,MEDIUM
48,51,5,83,2,5,MEDIUM
72,76,2,18,4,16,MEDIUM
39,41,4,3,2,1,MEDIUM
90,50,9,47,8,6,MEDIUM
3,86,1,56,6,14,MEDIUM
76,7,7,77,4,23,MEDIUM
77,38,2,85,6,21,LOW
18,87,5,94,8,20,MEDIUM
65,30,1,87,7,23,LOW
81,13,7,39,5,2,MEDIUM
30,84,2,99,1,20,MEDIUM
35,16,2,78,10,19,LOW
22,62,2,4,8,9,MEDIUM
78,13,4,13,5,6,LOW
83,26,7,10,9,15,LOW
34,51,6,38,10,5,MEDIUM
29,58,9,62,4,11,HIGH
8,39,8,8,7,12,MEDIUM
61,67,8,27,9,13,MEDIUM
45,84,10,21,3,14,MEDIUM
54,68,8,68,7,0,MEDIUM
88,41,5,96,7,13,LOW
49,38,9,99,4,14,LOW
94,9,9,3,3,5,MEDIUM
51,10,6,17,1,8,MEDIUM
41,23,3,3,2,20,MEDIUM
79,72,8,92,2,12,MEDIUM
34,84,8,34,4,3,HIGH
47,37,6,38,10,17,LOW
46,60,1,72,8,11,LOW
96,8,7,55,6,8,LOW
15,14,10,12,8,12,MEDIUM
8,69,9,39,10,11,MEDIUM
42,47,8,19,1,4,MEDIUM
61,15,9,28,7,23,MEDIUM
30,29,7,59,2,8,LOW
56,66,7,33,4,17,MEDIUM
84,47,5,48,3,0,MEDIUM
11,74,3,73,6,17,MEDIUM
59,87,1,75,9,0,MEDIUM
73,18,10,45,7,0,MEDIUM
31,58,9,26,7,2,MEDIUM
81,88,10,97,1,22,HIGH
2,40,2,49,3,13,MEDIUM
60,70,8,21,7,21,MEDIUM
61,59,5,55,9,15,LOW
15,20,2,3,10,12,LOW
38,11,2,8,3,5,MEDIUM
31,37,8,5,10,2,MEDIUM
54,35,4,22,7,14,LOW
14,80,9,42,9,8,MEDIUM
14,17,5,87,7,20,MEDIUM
38,69,10,89,10,11,LOW
77,13,6,40,2,19,MEDIUM
31,43,9,28,3,3,MEDIUM
58,85,10,72,10,17,LOW
85,67,8,42,6,7,MEDIUM
57,87,2,58,5,18,MEDIUM
50,63,10,20,6,10,MEDIUM
24,70,5,83,1,22,HIGH
88,66,5,82,8,21,MEDIUM
30,65,1,33,2,5,HIGH
7,70,10,25,1,6,HIGH
55,30,3,100,10,19,LOW
92,45,4,82,6,21,LOW
25,29,7,71,6,19,MEDIUM
0,6,4,18,7,7,LOW
82,32,8,31,3,16,MEDIUM
14,83,3,37,10,14,MEDIUM
75,72,4,67,6,22,MEDIUM
83,78,9,30,5,0,MEDIUM
56,59,6,5,5,4,MEDIUM
90,8,1,48,10,18,LOW
74,52,8,51,10,10,LOW
37,70,7,42,1,20,HIGH
96,53,9,62,4,13,MEDIUM
62,83,7,20,6,0,MEDIUM
26,76,3,39,2,20,HIGH
27,86,1,27,3,1,HIGH
88,76,5,6,9,4,MEDIUM
92,45,5,77,6,2,LOW
16,71,8,29,8,7,MEDIUM
46,87,7,51,8,10,LOW
10,14,10,31,7,18,MEDIUM
48,13,9,23,9,19,MEDIUM
23,61,2,27,6,4,HIGH
71,74,10,49,5,9,MEDIUM
57,61,8,60,2,21,HIGH
43,42,4,73,10,8,LOW
39,72,1,100,10,10,LOW
39,49,9,63,6,7,LOW
3,43,9,15,8,7,MEDIUM
97,87,2,18,3,20,HIGH
58,90,4,83,7,7,LOW
11,5,3,6,1,23,HIGH
4,83,4,53,8,1,MEDIUM
55,77,5,57,7,14,LOW
33,35,8,43,5,17,LOW
13,84,3,29,7,14,MEDIUM
20,6,8,35,6,20,MEDIUM
57,90,7,70,3,12,MEDIUM
91,19,3,19,5,15,LOW
77,76,8,35,6,19,MEDIUM
54,66,6,55,3,13,MEDIUM
95,68,9,65,9,22,MEDIUM
32,23,6,64,3,13,LOW
96,70,2,46,9,2,MEDIUM
83,39,5,7,2,19,MEDIUM
23,59,5,49,4,22,HIGH
46,29,4,61,9,22,LOW
39,84,3,1,3,14,MEDIUM
17,60,6,90,4,18,HIGH
88,58,4,51,10,9,LOW
13,29,5,38,7,5,MEDIUM
15,51,9,94,10,7,MEDIUM
87,46,7,11,7,18,MEDIUM
72,22,4,41,8,17,LOW
93,6,6,88,2,6,MEDIUM
51,56,7,98,5,13,LOW
15,17,2,44,8,18,MEDIUM
45,71,2,11,5,4,MEDIUM
85,43,10,40,7,5,MEDIUM
32,9,2,71,8,8,LOW
98,87,2,2,6,17,LOW
65,47,2,98,9,18,LOW
36,57,10,38,7,17,MEDIUM
70,63,4,60,2,18,MEDIUM
4,8,5,63,5,3,MEDIUM
30,69,1,11,3,12,MEDIUM
26,53,10,17,6,12,MEDIUM
71,60,5,42,4,23,HIGH
44,45,2,100,2,15,LOW
51,43,7,33,8,9,LOW
52,90,4,82,4,10,MEDIUM
40,40,4,9,9,10,LOW
42,5,6,30,8,23,MEDIUM
13,9,2,99,9,23,MEDIUM
21,40,10,46,8,1,MEDIUM
58,41,1,33,2,0,MEDIUM
47,18,1,50,8,7,LOW
6,34,4,6,4,17,MEDIUM
54,46,10,85,8,15,LOW
82,59,5,11,6,16,LOW
64,69,3,73,3,10,MEDIUM
31,51,2,85,8,17,LOW
33,39,3,80,4,8,LOW
64,69,2,78,9,10,LOW
25,82,4,71,3,8,MEDIUM
0,81,7,15,7,13,MEDIUM
44,77,1,20,7,9,LOW
100,20,3,58,9,13,LOW
5,87,8,66,1,2,HIGH
68,28,5,84,6,7,LOW
98,44,5,59,10,9,LOW
92,52,7,38,2,3,HIGH
84,67,8,33,6,19,MEDIUM
93,30,7,63,4,9,LOW
80,64,1,15,4,11,MEDIUM
18,80,3,79,10,16,MEDIUM
91,84,10,39,9,17,MEDIUM
26,77,1,75,10,15,MEDIUM
28,27,5,42,4,0,HIGH
0,28,10,20,10,11,MEDIUM
13,11,9,67,4,21,HIGH
33,80,8,15,6,23,MEDIUM
12,44,5,23,2,7,MEDIUM
89,44,10,86,5,17,LOW
4,17,8,21,3,3,HIGH
85,43,2,0,5,16,LOW
77,57,1,61,4,20,MEDIUM
74,52,9,37,3,10,MEDIUM
49,39,6,75,8,7,LOW
98,26,6,62,7,8,LOW
80,7,3,86,9,23,LOW
95,74,2,17,3,5,HIGH
78,41,3,0,8,21,LOW
92,14,6,17,4,17,MEDIUM
42,27,5,45,7,2,LOW
71,45,6,5,4,0,MEDIUM
16,22,8,50,4,21,HIGH
8,85,7,3,10,23,HIGH
31,50,2,51,5,4,LOW
88,89,4,86,3,8,MEDIUM
53,26,6,49,9,21,MEDIUM
53,80,9,42,9,0,MEDIUM
42,27,4,79,3,21,MEDIUM
2,62,2,17,7,0,HIGH
15,40,9,86,8,23,MEDIUM
71,71,9,58,4,1,HIGH
87,7,6,58,9,15,LOW
83,55,4,15,9,4,MEDIUM
77,24,5,10,2,7,LOW
76,90,6,62,8,2,MEDIUM
50,63,5,2,3,15,MEDIUM
93,18,6,29,4,23,MEDIUM
1,86,3,29,5,5,HIGH
31,33,10,3,6,23,MEDIUM
91,89,2,29,9,1,MEDIUM
98,9,8,44,4,20,MEDIUM
73,47,2,59,6,1,LOW
100,73,9,67,3,7,MEDIUM
54,22,4,84,3,22,MEDIUM
9,45,3,20,2,1,HIGH
100,66,7,49,9,2,MEDIUM
81,53,1,82,10,9,LOW
13,39,5,19,4,1,HIGH
45,67,1,96,5,11,LOW
62,57,6,87,7,21,MEDIUM
